"Buying,Maintance,Doors,Persons,Lugage,Safety,Class"
"vhigh,vhigh,2dp,2dp,small,low,unacc"
"vhigh,vhigh,2dp,2dp,small,med,unacc"
"vhigh,vhigh,2dp,2dp,small,high,unacc"
"vhigh,vhigh,2dp,2dp,med,low,unacc"
"vhigh,vhigh,2dp,2dp,med,med,unacc"
"vhigh,vhigh,2dp,2dp,med,high,unacc"
"vhigh,vhigh,2dp,2dp,big,low,unacc"
"vhigh,vhigh,2dp,2dp,big,med,unacc"
"vhigh,vhigh,2dp,2dp,big,high,unacc"
"vhigh,vhigh,2dp,4dp,small,low,unacc"
"vhigh,vhigh,2dp,4dp,small,med,unacc"
"vhigh,vhigh,2dp,4dp,small,high,unacc"
"vhigh,vhigh,2dp,4dp,med,low,unacc"
"vhigh,vhigh,2dp,4dp,med,med,unacc"
"vhigh,vhigh,2dp,4dp,med,high,unacc"
"vhigh,vhigh,2dp,4dp,big,low,unacc"
"vhigh,vhigh,2dp,4dp,big,med,unacc"
"vhigh,vhigh,2dp,4dp,big,high,unacc"
"vhigh,vhigh,2dp,more,small,low,unacc"
"vhigh,vhigh,2dp,more,small,med,unacc"
"vhigh,vhigh,2dp,more,small,high,unacc"
"vhigh,vhigh,2dp,more,med,low,unacc"
"vhigh,vhigh,2dp,more,med,med,unacc"
"vhigh,vhigh,2dp,more,med,high,unacc"
"vhigh,vhigh,2dp,more,big,low,unacc"
"vhigh,vhigh,2dp,more,big,med,unacc"
"vhigh,vhigh,2dp,more,big,high,unacc"
"vhigh,vhigh,3dp,2dp,small,low,unacc"
"vhigh,vhigh,3dp,2dp,small,med,unacc"
"vhigh,vhigh,3dp,2dp,small,high,unacc"
"vhigh,vhigh,3dp,2dp,med,low,unacc"
"vhigh,vhigh,3dp,2dp,med,med,unacc"
"vhigh,vhigh,3dp,2dp,med,high,unacc"
"vhigh,vhigh,3dp,2dp,big,low,unacc"
"vhigh,vhigh,3dp,2dp,big,med,unacc"
"vhigh,vhigh,3dp,2dp,big,high,unacc"
"vhigh,vhigh,3dp,4dp,small,low,unacc"
"vhigh,vhigh,3dp,4dp,small,med,unacc"
"vhigh,vhigh,3dp,4dp,small,high,unacc"
"vhigh,vhigh,3dp,4dp,med,low,unacc"
"vhigh,vhigh,3dp,4dp,med,med,unacc"
"vhigh,vhigh,3dp,4dp,med,high,unacc"
"vhigh,vhigh,3dp,4dp,big,low,unacc"
"vhigh,vhigh,3dp,4dp,big,med,unacc"
"vhigh,vhigh,3dp,4dp,big,high,unacc"
"vhigh,vhigh,3dp,more,small,low,unacc"
"vhigh,vhigh,3dp,more,small,med,unacc"
"vhigh,vhigh,3dp,more,small,high,unacc"
"vhigh,vhigh,3dp,more,med,low,unacc"
"vhigh,vhigh,3dp,more,med,med,unacc"
"vhigh,vhigh,3dp,more,med,high,unacc"
"vhigh,vhigh,3dp,more,big,low,unacc"
"vhigh,vhigh,3dp,more,big,med,unacc"
"vhigh,vhigh,3dp,more,big,high,unacc"
"vhigh,vhigh,4dp,2dp,small,low,unacc"
"vhigh,vhigh,4dp,2dp,small,med,unacc"
"vhigh,vhigh,4dp,2dp,small,high,unacc"
"vhigh,vhigh,4dp,2dp,med,low,unacc"
"vhigh,vhigh,4dp,2dp,med,med,unacc"
"vhigh,vhigh,4dp,2dp,med,high,unacc"
"vhigh,vhigh,4dp,2dp,big,low,unacc"
"vhigh,vhigh,4dp,2dp,big,med,unacc"
"vhigh,vhigh,4dp,2dp,big,high,unacc"
"vhigh,vhigh,4dp,4dp,small,low,unacc"
"vhigh,vhigh,4dp,4dp,small,med,unacc"
"vhigh,vhigh,4dp,4dp,small,high,unacc"
"vhigh,vhigh,4dp,4dp,med,low,unacc"
"vhigh,vhigh,4dp,4dp,med,med,unacc"
"vhigh,vhigh,4dp,4dp,med,high,unacc"
"vhigh,vhigh,4dp,4dp,big,low,unacc"
"vhigh,vhigh,4dp,4dp,big,med,unacc"
"vhigh,vhigh,4dp,4dp,big,high,unacc"
"vhigh,vhigh,4dp,more,small,low,unacc"
"vhigh,vhigh,4dp,more,small,med,unacc"
"vhigh,vhigh,4dp,more,small,high,unacc"
"vhigh,vhigh,4dp,more,med,low,unacc"
"vhigh,vhigh,4dp,more,med,med,unacc"
"vhigh,vhigh,4dp,more,med,high,unacc"
"vhigh,vhigh,4dp,more,big,low,unacc"
"vhigh,vhigh,4dp,more,big,med,unacc"
"vhigh,vhigh,4dp,more,big,high,unacc"
"vhigh,vhigh,5more,2dp,small,low,unacc"
"vhigh,vhigh,5more,2dp,small,med,unacc"
"vhigh,vhigh,5more,2dp,small,high,unacc"
"vhigh,vhigh,5more,2dp,med,low,unacc"
"vhigh,vhigh,5more,2dp,med,med,unacc"
"vhigh,vhigh,5more,2dp,med,high,unacc"
"vhigh,vhigh,5more,2dp,big,low,unacc"
"vhigh,vhigh,5more,2dp,big,med,unacc"
"vhigh,vhigh,5more,2dp,big,high,unacc"
"vhigh,vhigh,5more,4dp,small,low,unacc"
"vhigh,vhigh,5more,4dp,small,med,unacc"
"vhigh,vhigh,5more,4dp,small,high,unacc"
"vhigh,vhigh,5more,4dp,med,low,unacc"
"vhigh,vhigh,5more,4dp,med,med,unacc"
"vhigh,vhigh,5more,4dp,med,high,unacc"
"vhigh,vhigh,5more,4dp,big,low,unacc"
"vhigh,vhigh,5more,4dp,big,med,unacc"
"vhigh,vhigh,5more,4dp,big,high,unacc"
"vhigh,vhigh,5more,more,small,low,unacc"
"vhigh,vhigh,5more,more,small,med,unacc"
"vhigh,vhigh,5more,more,small,high,unacc"
"vhigh,vhigh,5more,more,med,low,unacc"
"vhigh,vhigh,5more,more,med,med,unacc"
"vhigh,vhigh,5more,more,med,high,unacc"
"vhigh,vhigh,5more,more,big,low,unacc"
"vhigh,vhigh,5more,more,big,med,unacc"
"vhigh,vhigh,5more,more,big,high,unacc"
"vhigh,high,2dp,2dp,small,low,unacc"
"vhigh,high,2dp,2dp,small,med,unacc"
"vhigh,high,2dp,2dp,small,high,unacc"
"vhigh,high,2dp,2dp,med,low,unacc"
"vhigh,high,2dp,2dp,med,med,unacc"
"vhigh,high,2dp,2dp,med,high,unacc"
"vhigh,high,2dp,2dp,big,low,unacc"
"vhigh,high,2dp,2dp,big,med,unacc"
"vhigh,high,2dp,2dp,big,high,unacc"
"vhigh,high,2dp,4dp,small,low,unacc"
"vhigh,high,2dp,4dp,small,med,unacc"
"vhigh,high,2dp,4dp,small,high,unacc"
"vhigh,high,2dp,4dp,med,low,unacc"
"vhigh,high,2dp,4dp,med,med,unacc"
"vhigh,high,2dp,4dp,med,high,unacc"
"vhigh,high,2dp,4dp,big,low,unacc"
"vhigh,high,2dp,4dp,big,med,unacc"
"vhigh,high,2dp,4dp,big,high,unacc"
"vhigh,high,2dp,more,small,low,unacc"
"vhigh,high,2dp,more,small,med,unacc"
"vhigh,high,2dp,more,small,high,unacc"
"vhigh,high,2dp,more,med,low,unacc"
"vhigh,high,2dp,more,med,med,unacc"
"vhigh,high,2dp,more,med,high,unacc"
"vhigh,high,2dp,more,big,low,unacc"
"vhigh,high,2dp,more,big,med,unacc"
"vhigh,high,2dp,more,big,high,unacc"
"vhigh,high,3dp,2dp,small,low,unacc"
"vhigh,high,3dp,2dp,small,med,unacc"
"vhigh,high,3dp,2dp,small,high,unacc"
"vhigh,high,3dp,2dp,med,low,unacc"
"vhigh,high,3dp,2dp,med,med,unacc"
"vhigh,high,3dp,2dp,med,high,unacc"
"vhigh,high,3dp,2dp,big,low,unacc"
"vhigh,high,3dp,2dp,big,med,unacc"
"vhigh,high,3dp,2dp,big,high,unacc"
"vhigh,high,3dp,4dp,small,low,unacc"
"vhigh,high,3dp,4dp,small,med,unacc"
"vhigh,high,3dp,4dp,small,high,unacc"
"vhigh,high,3dp,4dp,med,low,unacc"
"vhigh,high,3dp,4dp,med,med,unacc"
"vhigh,high,3dp,4dp,med,high,unacc"
"vhigh,high,3dp,4dp,big,low,unacc"
"vhigh,high,3dp,4dp,big,med,unacc"
"vhigh,high,3dp,4dp,big,high,unacc"
"vhigh,high,3dp,more,small,low,unacc"
"vhigh,high,3dp,more,small,med,unacc"
"vhigh,high,3dp,more,small,high,unacc"
"vhigh,high,3dp,more,med,low,unacc"
"vhigh,high,3dp,more,med,med,unacc"
"vhigh,high,3dp,more,med,high,unacc"
"vhigh,high,3dp,more,big,low,unacc"
"vhigh,high,3dp,more,big,med,unacc"
"vhigh,high,3dp,more,big,high,unacc"
"vhigh,high,4dp,2dp,small,low,unacc"
"vhigh,high,4dp,2dp,small,med,unacc"
"vhigh,high,4dp,2dp,small,high,unacc"
"vhigh,high,4dp,2dp,med,low,unacc"
"vhigh,high,4dp,2dp,med,med,unacc"
"vhigh,high,4dp,2dp,med,high,unacc"
"vhigh,high,4dp,2dp,big,low,unacc"
"vhigh,high,4dp,2dp,big,med,unacc"
"vhigh,high,4dp,2dp,big,high,unacc"
"vhigh,high,4dp,4dp,small,low,unacc"
"vhigh,high,4dp,4dp,small,med,unacc"
"vhigh,high,4dp,4dp,small,high,unacc"
"vhigh,high,4dp,4dp,med,low,unacc"
"vhigh,high,4dp,4dp,med,med,unacc"
"vhigh,high,4dp,4dp,med,high,unacc"
"vhigh,high,4dp,4dp,big,low,unacc"
"vhigh,high,4dp,4dp,big,med,unacc"
"vhigh,high,4dp,4dp,big,high,unacc"
"vhigh,high,4dp,more,small,low,unacc"
"vhigh,high,4dp,more,small,med,unacc"
"vhigh,high,4dp,more,small,high,unacc"
"vhigh,high,4dp,more,med,low,unacc"
"vhigh,high,4dp,more,med,med,unacc"
"vhigh,high,4dp,more,med,high,unacc"
"vhigh,high,4dp,more,big,low,unacc"
"vhigh,high,4dp,more,big,med,unacc"
"vhigh,high,4dp,more,big,high,unacc"
"vhigh,high,5more,2dp,small,low,unacc"
"vhigh,high,5more,2dp,small,med,unacc"
"vhigh,high,5more,2dp,small,high,unacc"
"vhigh,high,5more,2dp,med,low,unacc"
"vhigh,high,5more,2dp,med,med,unacc"
"vhigh,high,5more,2dp,med,high,unacc"
"vhigh,high,5more,2dp,big,low,unacc"
"vhigh,high,5more,2dp,big,med,unacc"
"vhigh,high,5more,2dp,big,high,unacc"
"vhigh,high,5more,4dp,small,low,unacc"
"vhigh,high,5more,4dp,small,med,unacc"
"vhigh,high,5more,4dp,small,high,unacc"
"vhigh,high,5more,4dp,med,low,unacc"
"vhigh,high,5more,4dp,med,med,unacc"
"vhigh,high,5more,4dp,med,high,unacc"
"vhigh,high,5more,4dp,big,low,unacc"
"vhigh,high,5more,4dp,big,med,unacc"
"vhigh,high,5more,4dp,big,high,unacc"
"vhigh,high,5more,more,small,low,unacc"
"vhigh,high,5more,more,small,med,unacc"
"vhigh,high,5more,more,small,high,unacc"
"vhigh,high,5more,more,med,low,unacc"
"vhigh,high,5more,more,med,med,unacc"
"vhigh,high,5more,more,med,high,unacc"
"vhigh,high,5more,more,big,low,unacc"
"vhigh,high,5more,more,big,med,unacc"
"vhigh,high,5more,more,big,high,unacc"
"vhigh,med,2dp,2dp,small,low,unacc"
"vhigh,med,2dp,2dp,small,med,unacc"
"vhigh,med,2dp,2dp,small,high,unacc"
"vhigh,med,2dp,2dp,med,low,unacc"
"vhigh,med,2dp,2dp,med,med,unacc"
"vhigh,med,2dp,2dp,med,high,unacc"
"vhigh,med,2dp,2dp,big,low,unacc"
"vhigh,med,2dp,2dp,big,med,unacc"
"vhigh,med,2dp,2dp,big,high,unacc"
"vhigh,med,2dp,4dp,small,low,unacc"
"vhigh,med,2dp,4dp,small,med,unacc"
"vhigh,med,2dp,4dp,small,high,acc"
"vhigh,med,2dp,4dp,med,low,unacc"
"vhigh,med,2dp,4dp,med,med,unacc"
"vhigh,med,2dp,4dp,med,high,acc"
"vhigh,med,2dp,4dp,big,low,unacc"
"vhigh,med,2dp,4dp,big,med,acc"
"vhigh,med,2dp,4dp,big,high,acc"
"vhigh,med,2dp,more,small,low,unacc"
"vhigh,med,2dp,more,small,med,unacc"
"vhigh,med,2dp,more,small,high,unacc"
"vhigh,med,2dp,more,med,low,unacc"
"vhigh,med,2dp,more,med,med,unacc"
"vhigh,med,2dp,more,med,high,acc"
"vhigh,med,2dp,more,big,low,unacc"
"vhigh,med,2dp,more,big,med,acc"
"vhigh,med,2dp,more,big,high,acc"
"vhigh,med,3dp,2dp,small,low,unacc"
"vhigh,med,3dp,2dp,small,med,unacc"
"vhigh,med,3dp,2dp,small,high,unacc"
"vhigh,med,3dp,2dp,med,low,unacc"
"vhigh,med,3dp,2dp,med,med,unacc"
"vhigh,med,3dp,2dp,med,high,unacc"
"vhigh,med,3dp,2dp,big,low,unacc"
"vhigh,med,3dp,2dp,big,med,unacc"
"vhigh,med,3dp,2dp,big,high,unacc"
"vhigh,med,3dp,4dp,small,low,unacc"
"vhigh,med,3dp,4dp,small,med,unacc"
"vhigh,med,3dp,4dp,small,high,acc"
"vhigh,med,3dp,4dp,med,low,unacc"
"vhigh,med,3dp,4dp,med,med,unacc"
"vhigh,med,3dp,4dp,med,high,acc"
"vhigh,med,3dp,4dp,big,low,unacc"
"vhigh,med,3dp,4dp,big,med,acc"
"vhigh,med,3dp,4dp,big,high,acc"
"vhigh,med,3dp,more,small,low,unacc"
"vhigh,med,3dp,more,small,med,unacc"
"vhigh,med,3dp,more,small,high,acc"
"vhigh,med,3dp,more,med,low,unacc"
"vhigh,med,3dp,more,med,med,acc"
"vhigh,med,3dp,more,med,high,acc"
"vhigh,med,3dp,more,big,low,unacc"
"vhigh,med,3dp,more,big,med,acc"
"vhigh,med,3dp,more,big,high,acc"
"vhigh,med,4dp,2dp,small,low,unacc"
"vhigh,med,4dp,2dp,small,med,unacc"
"vhigh,med,4dp,2dp,small,high,unacc"
"vhigh,med,4dp,2dp,med,low,unacc"
"vhigh,med,4dp,2dp,med,med,unacc"
"vhigh,med,4dp,2dp,med,high,unacc"
"vhigh,med,4dp,2dp,big,low,unacc"
"vhigh,med,4dp,2dp,big,med,unacc"
"vhigh,med,4dp,2dp,big,high,unacc"
"vhigh,med,4dp,4dp,small,low,unacc"
"vhigh,med,4dp,4dp,small,med,unacc"
"vhigh,med,4dp,4dp,small,high,acc"
"vhigh,med,4dp,4dp,med,low,unacc"
"vhigh,med,4dp,4dp,med,med,acc"
"vhigh,med,4dp,4dp,med,high,acc"
"vhigh,med,4dp,4dp,big,low,unacc"
"vhigh,med,4dp,4dp,big,med,acc"
"vhigh,med,4dp,4dp,big,high,acc"
"vhigh,med,4dp,more,small,low,unacc"
"vhigh,med,4dp,more,small,med,unacc"
"vhigh,med,4dp,more,small,high,acc"
"vhigh,med,4dp,more,med,low,unacc"
"vhigh,med,4dp,more,med,med,acc"
"vhigh,med,4dp,more,med,high,acc"
"vhigh,med,4dp,more,big,low,unacc"
"vhigh,med,4dp,more,big,med,acc"
"vhigh,med,4dp,more,big,high,acc"
"vhigh,med,5more,2dp,small,low,unacc"
"vhigh,med,5more,2dp,small,med,unacc"
"vhigh,med,5more,2dp,small,high,unacc"
"vhigh,med,5more,2dp,med,low,unacc"
"vhigh,med,5more,2dp,med,med,unacc"
"vhigh,med,5more,2dp,med,high,unacc"
"vhigh,med,5more,2dp,big,low,unacc"
"vhigh,med,5more,2dp,big,med,unacc"
"vhigh,med,5more,2dp,big,high,unacc"
"vhigh,med,5more,4dp,small,low,unacc"
"vhigh,med,5more,4dp,small,med,unacc"
"vhigh,med,5more,4dp,small,high,acc"
"vhigh,med,5more,4dp,med,low,unacc"
"vhigh,med,5more,4dp,med,med,acc"
"vhigh,med,5more,4dp,med,high,acc"
"vhigh,med,5more,4dp,big,low,unacc"
"vhigh,med,5more,4dp,big,med,acc"
"vhigh,med,5more,4dp,big,high,acc"
"vhigh,med,5more,more,small,low,unacc"
"vhigh,med,5more,more,small,med,unacc"
"vhigh,med,5more,more,small,high,acc"
"vhigh,med,5more,more,med,low,unacc"
"vhigh,med,5more,more,med,med,acc"
"vhigh,med,5more,more,med,high,acc"
"vhigh,med,5more,more,big,low,unacc"
"vhigh,med,5more,more,big,med,acc"
"vhigh,med,5more,more,big,high,acc"
"vhigh,low,2dp,2dp,small,low,unacc"
"vhigh,low,2dp,2dp,small,med,unacc"
"vhigh,low,2dp,2dp,small,high,unacc"
"vhigh,low,2dp,2dp,med,low,unacc"
"vhigh,low,2dp,2dp,med,med,unacc"
"vhigh,low,2dp,2dp,med,high,unacc"
"vhigh,low,2dp,2dp,big,low,unacc"
"vhigh,low,2dp,2dp,big,med,unacc"
"vhigh,low,2dp,2dp,big,high,unacc"
"vhigh,low,2dp,4dp,small,low,unacc"
"vhigh,low,2dp,4dp,small,med,unacc"
"vhigh,low,2dp,4dp,small,high,acc"
"vhigh,low,2dp,4dp,med,low,unacc"
"vhigh,low,2dp,4dp,med,med,unacc"
"vhigh,low,2dp,4dp,med,high,acc"
"vhigh,low,2dp,4dp,big,low,unacc"
"vhigh,low,2dp,4dp,big,med,acc"
"vhigh,low,2dp,4dp,big,high,acc"
"vhigh,low,2dp,more,small,low,unacc"
"vhigh,low,2dp,more,small,med,unacc"
"vhigh,low,2dp,more,small,high,unacc"
"vhigh,low,2dp,more,med,low,unacc"
"vhigh,low,2dp,more,med,med,unacc"
"vhigh,low,2dp,more,med,high,acc"
"vhigh,low,2dp,more,big,low,unacc"
"vhigh,low,2dp,more,big,med,acc"
"vhigh,low,2dp,more,big,high,acc"
"vhigh,low,3dp,2dp,small,low,unacc"
"vhigh,low,3dp,2dp,small,med,unacc"
"vhigh,low,3dp,2dp,small,high,unacc"
"vhigh,low,3dp,2dp,med,low,unacc"
"vhigh,low,3dp,2dp,med,med,unacc"
"vhigh,low,3dp,2dp,med,high,unacc"
"vhigh,low,3dp,2dp,big,low,unacc"
"vhigh,low,3dp,2dp,big,med,unacc"
"vhigh,low,3dp,2dp,big,high,unacc"
"vhigh,low,3dp,4dp,small,low,unacc"
"vhigh,low,3dp,4dp,small,med,unacc"
"vhigh,low,3dp,4dp,small,high,acc"
"vhigh,low,3dp,4dp,med,low,unacc"
"vhigh,low,3dp,4dp,med,med,unacc"
"vhigh,low,3dp,4dp,med,high,acc"
"vhigh,low,3dp,4dp,big,low,unacc"
"vhigh,low,3dp,4dp,big,med,acc"
"vhigh,low,3dp,4dp,big,high,acc"
"vhigh,low,3dp,more,small,low,unacc"
"vhigh,low,3dp,more,small,med,unacc"
"vhigh,low,3dp,more,small,high,acc"
"vhigh,low,3dp,more,med,low,unacc"
"vhigh,low,3dp,more,med,med,acc"
"vhigh,low,3dp,more,med,high,acc"
"vhigh,low,3dp,more,big,low,unacc"
"vhigh,low,3dp,more,big,med,acc"
"vhigh,low,3dp,more,big,high,acc"
"vhigh,low,4dp,2dp,small,low,unacc"
"vhigh,low,4dp,2dp,small,med,unacc"
"vhigh,low,4dp,2dp,small,high,unacc"
"vhigh,low,4dp,2dp,med,low,unacc"
"vhigh,low,4dp,2dp,med,med,unacc"
"vhigh,low,4dp,2dp,med,high,unacc"
"vhigh,low,4dp,2dp,big,low,unacc"
"vhigh,low,4dp,2dp,big,med,unacc"
"vhigh,low,4dp,2dp,big,high,unacc"
"vhigh,low,4dp,4dp,small,low,unacc"
"vhigh,low,4dp,4dp,small,med,unacc"
"vhigh,low,4dp,4dp,small,high,acc"
"vhigh,low,4dp,4dp,med,low,unacc"
"vhigh,low,4dp,4dp,med,med,acc"
"vhigh,low,4dp,4dp,med,high,acc"
"vhigh,low,4dp,4dp,big,low,unacc"
"vhigh,low,4dp,4dp,big,med,acc"
"vhigh,low,4dp,4dp,big,high,acc"
"vhigh,low,4dp,more,small,low,unacc"
"vhigh,low,4dp,more,small,med,unacc"
"vhigh,low,4dp,more,small,high,acc"
"vhigh,low,4dp,more,med,low,unacc"
"vhigh,low,4dp,more,med,med,acc"
"vhigh,low,4dp,more,med,high,acc"
"vhigh,low,4dp,more,big,low,unacc"
"vhigh,low,4dp,more,big,med,acc"
"vhigh,low,4dp,more,big,high,acc"
"vhigh,low,5more,2dp,small,low,unacc"
"vhigh,low,5more,2dp,small,med,unacc"
"vhigh,low,5more,2dp,small,high,unacc"
"vhigh,low,5more,2dp,med,low,unacc"
"vhigh,low,5more,2dp,med,med,unacc"
"vhigh,low,5more,2dp,med,high,unacc"
"vhigh,low,5more,2dp,big,low,unacc"
"vhigh,low,5more,2dp,big,med,unacc"
"vhigh,low,5more,2dp,big,high,unacc"
"vhigh,low,5more,4dp,small,low,unacc"
"vhigh,low,5more,4dp,small,med,unacc"
"vhigh,low,5more,4dp,small,high,acc"
"vhigh,low,5more,4dp,med,low,unacc"
"vhigh,low,5more,4dp,med,med,acc"
"vhigh,low,5more,4dp,med,high,acc"
"vhigh,low,5more,4dp,big,low,unacc"
"vhigh,low,5more,4dp,big,med,acc"
"vhigh,low,5more,4dp,big,high,acc"
"vhigh,low,5more,more,small,low,unacc"
"vhigh,low,5more,more,small,med,unacc"
"vhigh,low,5more,more,small,high,acc"
"vhigh,low,5more,more,med,low,unacc"
"vhigh,low,5more,more,med,med,acc"
"vhigh,low,5more,more,med,high,acc"
"vhigh,low,5more,more,big,low,unacc"
"vhigh,low,5more,more,big,med,acc"
"vhigh,low,5more,more,big,high,acc"
"high,vhigh,2dp,2dp,small,low,unacc"
"high,vhigh,2dp,2dp,small,med,unacc"
"high,vhigh,2dp,2dp,small,high,unacc"
"high,vhigh,2dp,2dp,med,low,unacc"
"high,vhigh,2dp,2dp,med,med,unacc"
"high,vhigh,2dp,2dp,med,high,unacc"
"high,vhigh,2dp,2dp,big,low,unacc"
"high,vhigh,2dp,2dp,big,med,unacc"
"high,vhigh,2dp,2dp,big,high,unacc"
"high,vhigh,2dp,4dp,small,low,unacc"
"high,vhigh,2dp,4dp,small,med,unacc"
"high,vhigh,2dp,4dp,small,high,unacc"
"high,vhigh,2dp,4dp,med,low,unacc"
"high,vhigh,2dp,4dp,med,med,unacc"
"high,vhigh,2dp,4dp,med,high,unacc"
"high,vhigh,2dp,4dp,big,low,unacc"
"high,vhigh,2dp,4dp,big,med,unacc"
"high,vhigh,2dp,4dp,big,high,unacc"
"high,vhigh,2dp,more,small,low,unacc"
"high,vhigh,2dp,more,small,med,unacc"
"high,vhigh,2dp,more,small,high,unacc"
"high,vhigh,2dp,more,med,low,unacc"
"high,vhigh,2dp,more,med,med,unacc"
"high,vhigh,2dp,more,med,high,unacc"
"high,vhigh,2dp,more,big,low,unacc"
"high,vhigh,2dp,more,big,med,unacc"
"high,vhigh,2dp,more,big,high,unacc"
"high,vhigh,3dp,2dp,small,low,unacc"
"high,vhigh,3dp,2dp,small,med,unacc"
"high,vhigh,3dp,2dp,small,high,unacc"
"high,vhigh,3dp,2dp,med,low,unacc"
"high,vhigh,3dp,2dp,med,med,unacc"
"high,vhigh,3dp,2dp,med,high,unacc"
"high,vhigh,3dp,2dp,big,low,unacc"
"high,vhigh,3dp,2dp,big,med,unacc"
"high,vhigh,3dp,2dp,big,high,unacc"
"high,vhigh,3dp,4dp,small,low,unacc"
"high,vhigh,3dp,4dp,small,med,unacc"
"high,vhigh,3dp,4dp,small,high,unacc"
"high,vhigh,3dp,4dp,med,low,unacc"
"high,vhigh,3dp,4dp,med,med,unacc"
"high,vhigh,3dp,4dp,med,high,unacc"
"high,vhigh,3dp,4dp,big,low,unacc"
"high,vhigh,3dp,4dp,big,med,unacc"
"high,vhigh,3dp,4dp,big,high,unacc"
"high,vhigh,3dp,more,small,low,unacc"
"high,vhigh,3dp,more,small,med,unacc"
"high,vhigh,3dp,more,small,high,unacc"
"high,vhigh,3dp,more,med,low,unacc"
"high,vhigh,3dp,more,med,med,unacc"
"high,vhigh,3dp,more,med,high,unacc"
"high,vhigh,3dp,more,big,low,unacc"
"high,vhigh,3dp,more,big,med,unacc"
"high,vhigh,3dp,more,big,high,unacc"
"high,vhigh,4dp,2dp,small,low,unacc"
"high,vhigh,4dp,2dp,small,med,unacc"
"high,vhigh,4dp,2dp,small,high,unacc"
"high,vhigh,4dp,2dp,med,low,unacc"
"high,vhigh,4dp,2dp,med,med,unacc"
"high,vhigh,4dp,2dp,med,high,unacc"
"high,vhigh,4dp,2dp,big,low,unacc"
"high,vhigh,4dp,2dp,big,med,unacc"
"high,vhigh,4dp,2dp,big,high,unacc"
"high,vhigh,4dp,4dp,small,low,unacc"
"high,vhigh,4dp,4dp,small,med,unacc"
"high,vhigh,4dp,4dp,small,high,unacc"
"high,vhigh,4dp,4dp,med,low,unacc"
"high,vhigh,4dp,4dp,med,med,unacc"
"high,vhigh,4dp,4dp,med,high,unacc"
"high,vhigh,4dp,4dp,big,low,unacc"
"high,vhigh,4dp,4dp,big,med,unacc"
"high,vhigh,4dp,4dp,big,high,unacc"
"high,vhigh,4dp,more,small,low,unacc"
"high,vhigh,4dp,more,small,med,unacc"
"high,vhigh,4dp,more,small,high,unacc"
"high,vhigh,4dp,more,med,low,unacc"
"high,vhigh,4dp,more,med,med,unacc"
"high,vhigh,4dp,more,med,high,unacc"
"high,vhigh,4dp,more,big,low,unacc"
"high,vhigh,4dp,more,big,med,unacc"
"high,vhigh,4dp,more,big,high,unacc"
"high,vhigh,5more,2dp,small,low,unacc"
"high,vhigh,5more,2dp,small,med,unacc"
"high,vhigh,5more,2dp,small,high,unacc"
"high,vhigh,5more,2dp,med,low,unacc"
"high,vhigh,5more,2dp,med,med,unacc"
"high,vhigh,5more,2dp,med,high,unacc"
"high,vhigh,5more,2dp,big,low,unacc"
"high,vhigh,5more,2dp,big,med,unacc"
"high,vhigh,5more,2dp,big,high,unacc"
"high,vhigh,5more,4dp,small,low,unacc"
"high,vhigh,5more,4dp,small,med,unacc"
"high,vhigh,5more,4dp,small,high,unacc"
"high,vhigh,5more,4dp,med,low,unacc"
"high,vhigh,5more,4dp,med,med,unacc"
"high,vhigh,5more,4dp,med,high,unacc"
"high,vhigh,5more,4dp,big,low,unacc"
"high,vhigh,5more,4dp,big,med,unacc"
"high,vhigh,5more,4dp,big,high,unacc"
"high,vhigh,5more,more,small,low,unacc"
"high,vhigh,5more,more,small,med,unacc"
"high,vhigh,5more,more,small,high,unacc"
"high,vhigh,5more,more,med,low,unacc"
"high,vhigh,5more,more,med,med,unacc"
"high,vhigh,5more,more,med,high,unacc"
"high,vhigh,5more,more,big,low,unacc"
"high,vhigh,5more,more,big,med,unacc"
"high,vhigh,5more,more,big,high,unacc"
"high,high,2dp,2dp,small,low,unacc"
"high,high,2dp,2dp,small,med,unacc"
"high,high,2dp,2dp,small,high,unacc"
"high,high,2dp,2dp,med,low,unacc"
"high,high,2dp,2dp,med,med,unacc"
"high,high,2dp,2dp,med,high,unacc"
"high,high,2dp,2dp,big,low,unacc"
"high,high,2dp,2dp,big,med,unacc"
"high,high,2dp,2dp,big,high,unacc"
"high,high,2dp,4dp,small,low,unacc"
"high,high,2dp,4dp,small,med,unacc"
"high,high,2dp,4dp,small,high,acc"
"high,high,2dp,4dp,med,low,unacc"
"high,high,2dp,4dp,med,med,unacc"
"high,high,2dp,4dp,med,high,acc"
"high,high,2dp,4dp,big,low,unacc"
"high,high,2dp,4dp,big,med,acc"
"high,high,2dp,4dp,big,high,acc"
"high,high,2dp,more,small,low,unacc"
"high,high,2dp,more,small,med,unacc"
"high,high,2dp,more,small,high,unacc"
"high,high,2dp,more,med,low,unacc"
"high,high,2dp,more,med,med,unacc"
"high,high,2dp,more,med,high,acc"
"high,high,2dp,more,big,low,unacc"
"high,high,2dp,more,big,med,acc"
"high,high,2dp,more,big,high,acc"
"high,high,3dp,2dp,small,low,unacc"
"high,high,3dp,2dp,small,med,unacc"
"high,high,3dp,2dp,small,high,unacc"
"high,high,3dp,2dp,med,low,unacc"
"high,high,3dp,2dp,med,med,unacc"
"high,high,3dp,2dp,med,high,unacc"
"high,high,3dp,2dp,big,low,unacc"
"high,high,3dp,2dp,big,med,unacc"
"high,high,3dp,2dp,big,high,unacc"
"high,high,3dp,4dp,small,low,unacc"
"high,high,3dp,4dp,small,med,unacc"
"high,high,3dp,4dp,small,high,acc"
"high,high,3dp,4dp,med,low,unacc"
"high,high,3dp,4dp,med,med,unacc"
"high,high,3dp,4dp,med,high,acc"
"high,high,3dp,4dp,big,low,unacc"
"high,high,3dp,4dp,big,med,acc"
"high,high,3dp,4dp,big,high,acc"
"high,high,3dp,more,small,low,unacc"
"high,high,3dp,more,small,med,unacc"
"high,high,3dp,more,small,high,acc"
"high,high,3dp,more,med,low,unacc"
"high,high,3dp,more,med,med,acc"
"high,high,3dp,more,med,high,acc"
"high,high,3dp,more,big,low,unacc"
"high,high,3dp,more,big,med,acc"
"high,high,3dp,more,big,high,acc"
"high,high,4dp,2dp,small,low,unacc"
"high,high,4dp,2dp,small,med,unacc"
"high,high,4dp,2dp,small,high,unacc"
"high,high,4dp,2dp,med,low,unacc"
"high,high,4dp,2dp,med,med,unacc"
"high,high,4dp,2dp,med,high,unacc"
"high,high,4dp,2dp,big,low,unacc"
"high,high,4dp,2dp,big,med,unacc"
"high,high,4dp,2dp,big,high,unacc"
"high,high,4dp,4dp,small,low,unacc"
"high,high,4dp,4dp,small,med,unacc"
"high,high,4dp,4dp,small,high,acc"
"high,high,4dp,4dp,med,low,unacc"
"high,high,4dp,4dp,med,med,acc"
"high,high,4dp,4dp,med,high,acc"
"high,high,4dp,4dp,big,low,unacc"
"high,high,4dp,4dp,big,med,acc"
"high,high,4dp,4dp,big,high,acc"
"high,high,4dp,more,small,low,unacc"
"high,high,4dp,more,small,med,unacc"
"high,high,4dp,more,small,high,acc"
"high,high,4dp,more,med,low,unacc"
"high,high,4dp,more,med,med,acc"
"high,high,4dp,more,med,high,acc"
"high,high,4dp,more,big,low,unacc"
"high,high,4dp,more,big,med,acc"
"high,high,4dp,more,big,high,acc"
"high,high,5more,2dp,small,low,unacc"
"high,high,5more,2dp,small,med,unacc"
"high,high,5more,2dp,small,high,unacc"
"high,high,5more,2dp,med,low,unacc"
"high,high,5more,2dp,med,med,unacc"
"high,high,5more,2dp,med,high,unacc"
"high,high,5more,2dp,big,low,unacc"
"high,high,5more,2dp,big,med,unacc"
"high,high,5more,2dp,big,high,unacc"
"high,high,5more,4dp,small,low,unacc"
"high,high,5more,4dp,small,med,unacc"
"high,high,5more,4dp,small,high,acc"
"high,high,5more,4dp,med,low,unacc"
"high,high,5more,4dp,med,med,acc"
"high,high,5more,4dp,med,high,acc"
"high,high,5more,4dp,big,low,unacc"
"high,high,5more,4dp,big,med,acc"
"high,high,5more,4dp,big,high,acc"
"high,high,5more,more,small,low,unacc"
"high,high,5more,more,small,med,unacc"
"high,high,5more,more,small,high,acc"
"high,high,5more,more,med,low,unacc"
"high,high,5more,more,med,med,acc"
"high,high,5more,more,med,high,acc"
"high,high,5more,more,big,low,unacc"
"high,high,5more,more,big,med,acc"
"high,high,5more,more,big,high,acc"
"high,med,2dp,2dp,small,low,unacc"
"high,med,2dp,2dp,small,med,unacc"
"high,med,2dp,2dp,small,high,unacc"
"high,med,2dp,2dp,med,low,unacc"
"high,med,2dp,2dp,med,med,unacc"
"high,med,2dp,2dp,med,high,unacc"
"high,med,2dp,2dp,big,low,unacc"
"high,med,2dp,2dp,big,med,unacc"
"high,med,2dp,2dp,big,high,unacc"
"high,med,2dp,4dp,small,low,unacc"
"high,med,2dp,4dp,small,med,unacc"
"high,med,2dp,4dp,small,high,acc"
"high,med,2dp,4dp,med,low,unacc"
"high,med,2dp,4dp,med,med,unacc"
"high,med,2dp,4dp,med,high,acc"
"high,med,2dp,4dp,big,low,unacc"
"high,med,2dp,4dp,big,med,acc"
"high,med,2dp,4dp,big,high,acc"
"high,med,2dp,more,small,low,unacc"
"high,med,2dp,more,small,med,unacc"
"high,med,2dp,more,small,high,unacc"
"high,med,2dp,more,med,low,unacc"
"high,med,2dp,more,med,med,unacc"
"high,med,2dp,more,med,high,acc"
"high,med,2dp,more,big,low,unacc"
"high,med,2dp,more,big,med,acc"
"high,med,2dp,more,big,high,acc"
"high,med,3dp,2dp,small,low,unacc"
"high,med,3dp,2dp,small,med,unacc"
"high,med,3dp,2dp,small,high,unacc"
"high,med,3dp,2dp,med,low,unacc"
"high,med,3dp,2dp,med,med,unacc"
"high,med,3dp,2dp,med,high,unacc"
"high,med,3dp,2dp,big,low,unacc"
"high,med,3dp,2dp,big,med,unacc"
"high,med,3dp,2dp,big,high,unacc"
"high,med,3dp,4dp,small,low,unacc"
"high,med,3dp,4dp,small,med,unacc"
"high,med,3dp,4dp,small,high,acc"
"high,med,3dp,4dp,med,low,unacc"
"high,med,3dp,4dp,med,med,unacc"
"high,med,3dp,4dp,med,high,acc"
"high,med,3dp,4dp,big,low,unacc"
"high,med,3dp,4dp,big,med,acc"
"high,med,3dp,4dp,big,high,acc"
"high,med,3dp,more,small,low,unacc"
"high,med,3dp,more,small,med,unacc"
"high,med,3dp,more,small,high,acc"
"high,med,3dp,more,med,low,unacc"
"high,med,3dp,more,med,med,acc"
"high,med,3dp,more,med,high,acc"
"high,med,3dp,more,big,low,unacc"
"high,med,3dp,more,big,med,acc"
"high,med,3dp,more,big,high,acc"
"high,med,4dp,2dp,small,low,unacc"
"high,med,4dp,2dp,small,med,unacc"
"high,med,4dp,2dp,small,high,unacc"
"high,med,4dp,2dp,med,low,unacc"
"high,med,4dp,2dp,med,med,unacc"
"high,med,4dp,2dp,med,high,unacc"
"high,med,4dp,2dp,big,low,unacc"
"high,med,4dp,2dp,big,med,unacc"
"high,med,4dp,2dp,big,high,unacc"
"high,med,4dp,4dp,small,low,unacc"
"high,med,4dp,4dp,small,med,unacc"
"high,med,4dp,4dp,small,high,acc"
"high,med,4dp,4dp,med,low,unacc"
"high,med,4dp,4dp,med,med,acc"
"high,med,4dp,4dp,med,high,acc"
"high,med,4dp,4dp,big,low,unacc"
"high,med,4dp,4dp,big,med,acc"
"high,med,4dp,4dp,big,high,acc"
"high,med,4dp,more,small,low,unacc"
"high,med,4dp,more,small,med,unacc"
"high,med,4dp,more,small,high,acc"
"high,med,4dp,more,med,low,unacc"
"high,med,4dp,more,med,med,acc"
"high,med,4dp,more,med,high,acc"
"high,med,4dp,more,big,low,unacc"
"high,med,4dp,more,big,med,acc"
"high,med,4dp,more,big,high,acc"
"high,med,5more,2dp,small,low,unacc"
"high,med,5more,2dp,small,med,unacc"
"high,med,5more,2dp,small,high,unacc"
"high,med,5more,2dp,med,low,unacc"
"high,med,5more,2dp,med,med,unacc"
"high,med,5more,2dp,med,high,unacc"
"high,med,5more,2dp,big,low,unacc"
"high,med,5more,2dp,big,med,unacc"
"high,med,5more,2dp,big,high,unacc"
"high,med,5more,4dp,small,low,unacc"
"high,med,5more,4dp,small,med,unacc"
"high,med,5more,4dp,small,high,acc"
"high,med,5more,4dp,med,low,unacc"
"high,med,5more,4dp,med,med,acc"
"high,med,5more,4dp,med,high,acc"
"high,med,5more,4dp,big,low,unacc"
"high,med,5more,4dp,big,med,acc"
"high,med,5more,4dp,big,high,acc"
"high,med,5more,more,small,low,unacc"
"high,med,5more,more,small,med,unacc"
"high,med,5more,more,small,high,acc"
"high,med,5more,more,med,low,unacc"
"high,med,5more,more,med,med,acc"
"high,med,5more,more,med,high,acc"
"high,med,5more,more,big,low,unacc"
"high,med,5more,more,big,med,acc"
"high,med,5more,more,big,high,acc"
"high,low,2dp,2dp,small,low,unacc"
"high,low,2dp,2dp,small,med,unacc"
"high,low,2dp,2dp,small,high,unacc"
"high,low,2dp,2dp,med,low,unacc"
"high,low,2dp,2dp,med,med,unacc"
"high,low,2dp,2dp,med,high,unacc"
"high,low,2dp,2dp,big,low,unacc"
"high,low,2dp,2dp,big,med,unacc"
"high,low,2dp,2dp,big,high,unacc"
"high,low,2dp,4dp,small,low,unacc"
"high,low,2dp,4dp,small,med,unacc"
"high,low,2dp,4dp,small,high,acc"
"high,low,2dp,4dp,med,low,unacc"
"high,low,2dp,4dp,med,med,unacc"
"high,low,2dp,4dp,med,high,acc"
"high,low,2dp,4dp,big,low,unacc"
"high,low,2dp,4dp,big,med,acc"
"high,low,2dp,4dp,big,high,acc"
"high,low,2dp,more,small,low,unacc"
"high,low,2dp,more,small,med,unacc"
"high,low,2dp,more,small,high,unacc"
"high,low,2dp,more,med,low,unacc"
"high,low,2dp,more,med,med,unacc"
"high,low,2dp,more,med,high,acc"
"high,low,2dp,more,big,low,unacc"
"high,low,2dp,more,big,med,acc"
"high,low,2dp,more,big,high,acc"
"high,low,3dp,2dp,small,low,unacc"
"high,low,3dp,2dp,small,med,unacc"
"high,low,3dp,2dp,small,high,unacc"
"high,low,3dp,2dp,med,low,unacc"
"high,low,3dp,2dp,med,med,unacc"
"high,low,3dp,2dp,med,high,unacc"
"high,low,3dp,2dp,big,low,unacc"
"high,low,3dp,2dp,big,med,unacc"
"high,low,3dp,2dp,big,high,unacc"
"high,low,3dp,4dp,small,low,unacc"
"high,low,3dp,4dp,small,med,unacc"
"high,low,3dp,4dp,small,high,acc"
"high,low,3dp,4dp,med,low,unacc"
"high,low,3dp,4dp,med,med,unacc"
"high,low,3dp,4dp,med,high,acc"
"high,low,3dp,4dp,big,low,unacc"
"high,low,3dp,4dp,big,med,acc"
"high,low,3dp,4dp,big,high,acc"
"high,low,3dp,more,small,low,unacc"
"high,low,3dp,more,small,med,unacc"
"high,low,3dp,more,small,high,acc"
"high,low,3dp,more,med,low,unacc"
"high,low,3dp,more,med,med,acc"
"high,low,3dp,more,med,high,acc"
"high,low,3dp,more,big,low,unacc"
"high,low,3dp,more,big,med,acc"
"high,low,3dp,more,big,high,acc"
"high,low,4dp,2dp,small,low,unacc"
"high,low,4dp,2dp,small,med,unacc"
"high,low,4dp,2dp,small,high,unacc"
"high,low,4dp,2dp,med,low,unacc"
"high,low,4dp,2dp,med,med,unacc"
"high,low,4dp,2dp,med,high,unacc"
"high,low,4dp,2dp,big,low,unacc"
"high,low,4dp,2dp,big,med,unacc"
"high,low,4dp,2dp,big,high,unacc"
"high,low,4dp,4dp,small,low,unacc"
"high,low,4dp,4dp,small,med,unacc"
"high,low,4dp,4dp,small,high,acc"
"high,low,4dp,4dp,med,low,unacc"
"high,low,4dp,4dp,med,med,acc"
"high,low,4dp,4dp,med,high,acc"
"high,low,4dp,4dp,big,low,unacc"
"high,low,4dp,4dp,big,med,acc"
"high,low,4dp,4dp,big,high,acc"
"high,low,4dp,more,small,low,unacc"
"high,low,4dp,more,small,med,unacc"
"high,low,4dp,more,small,high,acc"
"high,low,4dp,more,med,low,unacc"
"high,low,4dp,more,med,med,acc"
"high,low,4dp,more,med,high,acc"
"high,low,4dp,more,big,low,unacc"
"high,low,4dp,more,big,med,acc"
"high,low,4dp,more,big,high,acc"
"high,low,5more,2dp,small,low,unacc"
"high,low,5more,2dp,small,med,unacc"
"high,low,5more,2dp,small,high,unacc"
"high,low,5more,2dp,med,low,unacc"
"high,low,5more,2dp,med,med,unacc"
"high,low,5more,2dp,med,high,unacc"
"high,low,5more,2dp,big,low,unacc"
"high,low,5more,2dp,big,med,unacc"
"high,low,5more,2dp,big,high,unacc"
"high,low,5more,4dp,small,low,unacc"
"high,low,5more,4dp,small,med,unacc"
"high,low,5more,4dp,small,high,acc"
"high,low,5more,4dp,med,low,unacc"
"high,low,5more,4dp,med,med,acc"
"high,low,5more,4dp,med,high,acc"
"high,low,5more,4dp,big,low,unacc"
"high,low,5more,4dp,big,med,acc"
"high,low,5more,4dp,big,high,acc"
"high,low,5more,more,small,low,unacc"
"high,low,5more,more,small,med,unacc"
"high,low,5more,more,small,high,acc"
"high,low,5more,more,med,low,unacc"
"high,low,5more,more,med,med,acc"
"high,low,5more,more,med,high,acc"
"high,low,5more,more,big,low,unacc"
"high,low,5more,more,big,med,acc"
"high,low,5more,more,big,high,acc"
"med,vhigh,2dp,2dp,small,low,unacc"
"med,vhigh,2dp,2dp,small,med,unacc"
"med,vhigh,2dp,2dp,small,high,unacc"
"med,vhigh,2dp,2dp,med,low,unacc"
"med,vhigh,2dp,2dp,med,med,unacc"
"med,vhigh,2dp,2dp,med,high,unacc"
"med,vhigh,2dp,2dp,big,low,unacc"
"med,vhigh,2dp,2dp,big,med,unacc"
"med,vhigh,2dp,2dp,big,high,unacc"
"med,vhigh,2dp,4dp,small,low,unacc"
"med,vhigh,2dp,4dp,small,med,unacc"
"med,vhigh,2dp,4dp,small,high,acc"
"med,vhigh,2dp,4dp,med,low,unacc"
"med,vhigh,2dp,4dp,med,med,unacc"
"med,vhigh,2dp,4dp,med,high,acc"
"med,vhigh,2dp,4dp,big,low,unacc"
"med,vhigh,2dp,4dp,big,med,acc"
"med,vhigh,2dp,4dp,big,high,acc"
"med,vhigh,2dp,more,small,low,unacc"
"med,vhigh,2dp,more,small,med,unacc"
"med,vhigh,2dp,more,small,high,unacc"
"med,vhigh,2dp,more,med,low,unacc"
"med,vhigh,2dp,more,med,med,unacc"
"med,vhigh,2dp,more,med,high,acc"
"med,vhigh,2dp,more,big,low,unacc"
"med,vhigh,2dp,more,big,med,acc"
"med,vhigh,2dp,more,big,high,acc"
"med,vhigh,3dp,2dp,small,low,unacc"
"med,vhigh,3dp,2dp,small,med,unacc"
"med,vhigh,3dp,2dp,small,high,unacc"
"med,vhigh,3dp,2dp,med,low,unacc"
"med,vhigh,3dp,2dp,med,med,unacc"
"med,vhigh,3dp,2dp,med,high,unacc"
"med,vhigh,3dp,2dp,big,low,unacc"
"med,vhigh,3dp,2dp,big,med,unacc"
"med,vhigh,3dp,2dp,big,high,unacc"
"med,vhigh,3dp,4dp,small,low,unacc"
"med,vhigh,3dp,4dp,small,med,unacc"
"med,vhigh,3dp,4dp,small,high,acc"
"med,vhigh,3dp,4dp,med,low,unacc"
"med,vhigh,3dp,4dp,med,med,unacc"
"med,vhigh,3dp,4dp,med,high,acc"
"med,vhigh,3dp,4dp,big,low,unacc"
"med,vhigh,3dp,4dp,big,med,acc"
"med,vhigh,3dp,4dp,big,high,acc"
"med,vhigh,3dp,more,small,low,unacc"
"med,vhigh,3dp,more,small,med,unacc"
"med,vhigh,3dp,more,small,high,acc"
"med,vhigh,3dp,more,med,low,unacc"
"med,vhigh,3dp,more,med,med,acc"
"med,vhigh,3dp,more,med,high,acc"
"med,vhigh,3dp,more,big,low,unacc"
"med,vhigh,3dp,more,big,med,acc"
"med,vhigh,3dp,more,big,high,acc"
"med,vhigh,4dp,2dp,small,low,unacc"
"med,vhigh,4dp,2dp,small,med,unacc"
"med,vhigh,4dp,2dp,small,high,unacc"
"med,vhigh,4dp,2dp,med,low,unacc"
"med,vhigh,4dp,2dp,med,med,unacc"
"med,vhigh,4dp,2dp,med,high,unacc"
"med,vhigh,4dp,2dp,big,low,unacc"
"med,vhigh,4dp,2dp,big,med,unacc"
"med,vhigh,4dp,2dp,big,high,unacc"
"med,vhigh,4dp,4dp,small,low,unacc"
"med,vhigh,4dp,4dp,small,med,unacc"
"med,vhigh,4dp,4dp,small,high,acc"
"med,vhigh,4dp,4dp,med,low,unacc"
"med,vhigh,4dp,4dp,med,med,acc"
"med,vhigh,4dp,4dp,med,high,acc"
"med,vhigh,4dp,4dp,big,low,unacc"
"med,vhigh,4dp,4dp,big,med,acc"
"med,vhigh,4dp,4dp,big,high,acc"
"med,vhigh,4dp,more,small,low,unacc"
"med,vhigh,4dp,more,small,med,unacc"
"med,vhigh,4dp,more,small,high,acc"
"med,vhigh,4dp,more,med,low,unacc"
"med,vhigh,4dp,more,med,med,acc"
"med,vhigh,4dp,more,med,high,acc"
"med,vhigh,4dp,more,big,low,unacc"
"med,vhigh,4dp,more,big,med,acc"
"med,vhigh,4dp,more,big,high,acc"
"med,vhigh,5more,2dp,small,low,unacc"
"med,vhigh,5more,2dp,small,med,unacc"
"med,vhigh,5more,2dp,small,high,unacc"
"med,vhigh,5more,2dp,med,low,unacc"
"med,vhigh,5more,2dp,med,med,unacc"
"med,vhigh,5more,2dp,med,high,unacc"
"med,vhigh,5more,2dp,big,low,unacc"
"med,vhigh,5more,2dp,big,med,unacc"
"med,vhigh,5more,2dp,big,high,unacc"
"med,vhigh,5more,4dp,small,low,unacc"
"med,vhigh,5more,4dp,small,med,unacc"
"med,vhigh,5more,4dp,small,high,acc"
"med,vhigh,5more,4dp,med,low,unacc"
"med,vhigh,5more,4dp,med,med,acc"
"med,vhigh,5more,4dp,med,high,acc"
"med,vhigh,5more,4dp,big,low,unacc"
"med,vhigh,5more,4dp,big,med,acc"
"med,vhigh,5more,4dp,big,high,acc"
"med,vhigh,5more,more,small,low,unacc"
"med,vhigh,5more,more,small,med,unacc"
"med,vhigh,5more,more,small,high,acc"
"med,vhigh,5more,more,med,low,unacc"
"med,vhigh,5more,more,med,med,acc"
"med,vhigh,5more,more,med,high,acc"
"med,vhigh,5more,more,big,low,unacc"
"med,vhigh,5more,more,big,med,acc"
"med,vhigh,5more,more,big,high,acc"
"med,high,2dp,2dp,small,low,unacc"
"med,high,2dp,2dp,small,med,unacc"
"med,high,2dp,2dp,small,high,unacc"
"med,high,2dp,2dp,med,low,unacc"
"med,high,2dp,2dp,med,med,unacc"
"med,high,2dp,2dp,med,high,unacc"
"med,high,2dp,2dp,big,low,unacc"
"med,high,2dp,2dp,big,med,unacc"
"med,high,2dp,2dp,big,high,unacc"
"med,high,2dp,4dp,small,low,unacc"
"med,high,2dp,4dp,small,med,unacc"
"med,high,2dp,4dp,small,high,acc"
"med,high,2dp,4dp,med,low,unacc"
"med,high,2dp,4dp,med,med,unacc"
"med,high,2dp,4dp,med,high,acc"
"med,high,2dp,4dp,big,low,unacc"
"med,high,2dp,4dp,big,med,acc"
"med,high,2dp,4dp,big,high,acc"
"med,high,2dp,more,small,low,unacc"
"med,high,2dp,more,small,med,unacc"
"med,high,2dp,more,small,high,unacc"
"med,high,2dp,more,med,low,unacc"
"med,high,2dp,more,med,med,unacc"
"med,high,2dp,more,med,high,acc"
"med,high,2dp,more,big,low,unacc"
"med,high,2dp,more,big,med,acc"
"med,high,2dp,more,big,high,acc"
"med,high,3dp,2dp,small,low,unacc"
"med,high,3dp,2dp,small,med,unacc"
"med,high,3dp,2dp,small,high,unacc"
"med,high,3dp,2dp,med,low,unacc"
"med,high,3dp,2dp,med,med,unacc"
"med,high,3dp,2dp,med,high,unacc"
"med,high,3dp,2dp,big,low,unacc"
"med,high,3dp,2dp,big,med,unacc"
"med,high,3dp,2dp,big,high,unacc"
"med,high,3dp,4dp,small,low,unacc"
"med,high,3dp,4dp,small,med,unacc"
"med,high,3dp,4dp,small,high,acc"
"med,high,3dp,4dp,med,low,unacc"
"med,high,3dp,4dp,med,med,unacc"
"med,high,3dp,4dp,med,high,acc"
"med,high,3dp,4dp,big,low,unacc"
"med,high,3dp,4dp,big,med,acc"
"med,high,3dp,4dp,big,high,acc"
"med,high,3dp,more,small,low,unacc"
"med,high,3dp,more,small,med,unacc"
"med,high,3dp,more,small,high,acc"
"med,high,3dp,more,med,low,unacc"
"med,high,3dp,more,med,med,acc"
"med,high,3dp,more,med,high,acc"
"med,high,3dp,more,big,low,unacc"
"med,high,3dp,more,big,med,acc"
"med,high,3dp,more,big,high,acc"
"med,high,4dp,2dp,small,low,unacc"
"med,high,4dp,2dp,small,med,unacc"
"med,high,4dp,2dp,small,high,unacc"
"med,high,4dp,2dp,med,low,unacc"
"med,high,4dp,2dp,med,med,unacc"
"med,high,4dp,2dp,med,high,unacc"
"med,high,4dp,2dp,big,low,unacc"
"med,high,4dp,2dp,big,med,unacc"
"med,high,4dp,2dp,big,high,unacc"
"med,high,4dp,4dp,small,low,unacc"
"med,high,4dp,4dp,small,med,unacc"
"med,high,4dp,4dp,small,high,acc"
"med,high,4dp,4dp,med,low,unacc"
"med,high,4dp,4dp,med,med,acc"
"med,high,4dp,4dp,med,high,acc"
"med,high,4dp,4dp,big,low,unacc"
"med,high,4dp,4dp,big,med,acc"
"med,high,4dp,4dp,big,high,acc"
"med,high,4dp,more,small,low,unacc"
"med,high,4dp,more,small,med,unacc"
"med,high,4dp,more,small,high,acc"
"med,high,4dp,more,med,low,unacc"
"med,high,4dp,more,med,med,acc"
"med,high,4dp,more,med,high,acc"
"med,high,4dp,more,big,low,unacc"
"med,high,4dp,more,big,med,acc"
"med,high,4dp,more,big,high,acc"
"med,high,5more,2dp,small,low,unacc"
"med,high,5more,2dp,small,med,unacc"
"med,high,5more,2dp,small,high,unacc"
"med,high,5more,2dp,med,low,unacc"
"med,high,5more,2dp,med,med,unacc"
"med,high,5more,2dp,med,high,unacc"
"med,high,5more,2dp,big,low,unacc"
"med,high,5more,2dp,big,med,unacc"
"med,high,5more,2dp,big,high,unacc"
"med,high,5more,4dp,small,low,unacc"
"med,high,5more,4dp,small,med,unacc"
"med,high,5more,4dp,small,high,acc"
"med,high,5more,4dp,med,low,unacc"
"med,high,5more,4dp,med,med,acc"
"med,high,5more,4dp,med,high,acc"
"med,high,5more,4dp,big,low,unacc"
"med,high,5more,4dp,big,med,acc"
"med,high,5more,4dp,big,high,acc"
"med,high,5more,more,small,low,unacc"
"med,high,5more,more,small,med,unacc"
"med,high,5more,more,small,high,acc"
"med,high,5more,more,med,low,unacc"
"med,high,5more,more,med,med,acc"
"med,high,5more,more,med,high,acc"
"med,high,5more,more,big,low,unacc"
"med,high,5more,more,big,med,acc"
"med,high,5more,more,big,high,acc"
"med,med,2dp,2dp,small,low,unacc"
"med,med,2dp,2dp,small,med,unacc"
"med,med,2dp,2dp,small,high,unacc"
"med,med,2dp,2dp,med,low,unacc"
"med,med,2dp,2dp,med,med,unacc"
"med,med,2dp,2dp,med,high,unacc"
"med,med,2dp,2dp,big,low,unacc"
"med,med,2dp,2dp,big,med,unacc"
"med,med,2dp,2dp,big,high,unacc"
"med,med,2dp,4dp,small,low,unacc"
"med,med,2dp,4dp,small,med,acc"
"med,med,2dp,4dp,small,high,acc"
"med,med,2dp,4dp,med,low,unacc"
"med,med,2dp,4dp,med,med,acc"
"med,med,2dp,4dp,med,high,acc"
"med,med,2dp,4dp,big,low,unacc"
"med,med,2dp,4dp,big,med,acc"
"med,med,2dp,4dp,big,high,vgood"
"med,med,2dp,more,small,low,unacc"
"med,med,2dp,more,small,med,unacc"
"med,med,2dp,more,small,high,unacc"
"med,med,2dp,more,med,low,unacc"
"med,med,2dp,more,med,med,acc"
"med,med,2dp,more,med,high,acc"
"med,med,2dp,more,big,low,unacc"
"med,med,2dp,more,big,med,acc"
"med,med,2dp,more,big,high,vgood"
"med,med,3dp,2dp,small,low,unacc"
"med,med,3dp,2dp,small,med,unacc"
"med,med,3dp,2dp,small,high,unacc"
"med,med,3dp,2dp,med,low,unacc"
"med,med,3dp,2dp,med,med,unacc"
"med,med,3dp,2dp,med,high,unacc"
"med,med,3dp,2dp,big,low,unacc"
"med,med,3dp,2dp,big,med,unacc"
"med,med,3dp,2dp,big,high,unacc"
"med,med,3dp,4dp,small,low,unacc"
"med,med,3dp,4dp,small,med,acc"
"med,med,3dp,4dp,small,high,acc"
"med,med,3dp,4dp,med,low,unacc"
"med,med,3dp,4dp,med,med,acc"
"med,med,3dp,4dp,med,high,acc"
"med,med,3dp,4dp,big,low,unacc"
"med,med,3dp,4dp,big,med,acc"
"med,med,3dp,4dp,big,high,vgood"
"med,med,3dp,more,small,low,unacc"
"med,med,3dp,more,small,med,acc"
"med,med,3dp,more,small,high,acc"
"med,med,3dp,more,med,low,unacc"
"med,med,3dp,more,med,med,acc"
"med,med,3dp,more,med,high,vgood"
"med,med,3dp,more,big,low,unacc"
"med,med,3dp,more,big,med,acc"
"med,med,3dp,more,big,high,vgood"
"med,med,4dp,2dp,small,low,unacc"
"med,med,4dp,2dp,small,med,unacc"
"med,med,4dp,2dp,small,high,unacc"
"med,med,4dp,2dp,med,low,unacc"
"med,med,4dp,2dp,med,med,unacc"
"med,med,4dp,2dp,med,high,unacc"
"med,med,4dp,2dp,big,low,unacc"
"med,med,4dp,2dp,big,med,unacc"
"med,med,4dp,2dp,big,high,unacc"
"med,med,4dp,4dp,small,low,unacc"
"med,med,4dp,4dp,small,med,acc"
"med,med,4dp,4dp,small,high,acc"
"med,med,4dp,4dp,med,low,unacc"
"med,med,4dp,4dp,med,med,acc"
"med,med,4dp,4dp,med,high,vgood"
"med,med,4dp,4dp,big,low,unacc"
"med,med,4dp,4dp,big,med,acc"
"med,med,4dp,4dp,big,high,vgood"
"med,med,4dp,more,small,low,unacc"
"med,med,4dp,more,small,med,acc"
"med,med,4dp,more,small,high,acc"
"med,med,4dp,more,med,low,unacc"
"med,med,4dp,more,med,med,acc"
"med,med,4dp,more,med,high,vgood"
"med,med,4dp,more,big,low,unacc"
"med,med,4dp,more,big,med,acc"
"med,med,4dp,more,big,high,vgood"
"med,med,5more,2dp,small,low,unacc"
"med,med,5more,2dp,small,med,unacc"
"med,med,5more,2dp,small,high,unacc"
"med,med,5more,2dp,med,low,unacc"
"med,med,5more,2dp,med,med,unacc"
"med,med,5more,2dp,med,high,unacc"
"med,med,5more,2dp,big,low,unacc"
"med,med,5more,2dp,big,med,unacc"
"med,med,5more,2dp,big,high,unacc"
"med,med,5more,4dp,small,low,unacc"
"med,med,5more,4dp,small,med,acc"
"med,med,5more,4dp,small,high,acc"
"med,med,5more,4dp,med,low,unacc"
"med,med,5more,4dp,med,med,acc"
"med,med,5more,4dp,med,high,vgood"
"med,med,5more,4dp,big,low,unacc"
"med,med,5more,4dp,big,med,acc"
"med,med,5more,4dp,big,high,vgood"
"med,med,5more,more,small,low,unacc"
"med,med,5more,more,small,med,acc"
"med,med,5more,more,small,high,acc"
"med,med,5more,more,med,low,unacc"
"med,med,5more,more,med,med,acc"
"med,med,5more,more,med,high,vgood"
"med,med,5more,more,big,low,unacc"
"med,med,5more,more,big,med,acc"
"med,med,5more,more,big,high,vgood"
"med,low,2dp,2dp,small,low,unacc"
"med,low,2dp,2dp,small,med,unacc"
"med,low,2dp,2dp,small,high,unacc"
"med,low,2dp,2dp,med,low,unacc"
"med,low,2dp,2dp,med,med,unacc"
"med,low,2dp,2dp,med,high,unacc"
"med,low,2dp,2dp,big,low,unacc"
"med,low,2dp,2dp,big,med,unacc"
"med,low,2dp,2dp,big,high,unacc"
"med,low,2dp,4dp,small,low,unacc"
"med,low,2dp,4dp,small,med,acc"
"med,low,2dp,4dp,small,high,good"
"med,low,2dp,4dp,med,low,unacc"
"med,low,2dp,4dp,med,med,acc"
"med,low,2dp,4dp,med,high,good"
"med,low,2dp,4dp,big,low,unacc"
"med,low,2dp,4dp,big,med,good"
"med,low,2dp,4dp,big,high,vgood"
"med,low,2dp,more,small,low,unacc"
"med,low,2dp,more,small,med,unacc"
"med,low,2dp,more,small,high,unacc"
"med,low,2dp,more,med,low,unacc"
"med,low,2dp,more,med,med,acc"
"med,low,2dp,more,med,high,good"
"med,low,2dp,more,big,low,unacc"
"med,low,2dp,more,big,med,good"
"med,low,2dp,more,big,high,vgood"
"med,low,3dp,2dp,small,low,unacc"
"med,low,3dp,2dp,small,med,unacc"
"med,low,3dp,2dp,small,high,unacc"
"med,low,3dp,2dp,med,low,unacc"
"med,low,3dp,2dp,med,med,unacc"
"med,low,3dp,2dp,med,high,unacc"
"med,low,3dp,2dp,big,low,unacc"
"med,low,3dp,2dp,big,med,unacc"
"med,low,3dp,2dp,big,high,unacc"
"med,low,3dp,4dp,small,low,unacc"
"med,low,3dp,4dp,small,med,acc"
"med,low,3dp,4dp,small,high,good"
"med,low,3dp,4dp,med,low,unacc"
"med,low,3dp,4dp,med,med,acc"
"med,low,3dp,4dp,med,high,good"
"med,low,3dp,4dp,big,low,unacc"
"med,low,3dp,4dp,big,med,good"
"med,low,3dp,4dp,big,high,vgood"
"med,low,3dp,more,small,low,unacc"
"med,low,3dp,more,small,med,acc"
"med,low,3dp,more,small,high,good"
"med,low,3dp,more,med,low,unacc"
"med,low,3dp,more,med,med,good"
"med,low,3dp,more,med,high,vgood"
"med,low,3dp,more,big,low,unacc"
"med,low,3dp,more,big,med,good"
"med,low,3dp,more,big,high,vgood"
"med,low,4dp,2dp,small,low,unacc"
"med,low,4dp,2dp,small,med,unacc"
"med,low,4dp,2dp,small,high,unacc"
"med,low,4dp,2dp,med,low,unacc"
"med,low,4dp,2dp,med,med,unacc"
"med,low,4dp,2dp,med,high,unacc"
"med,low,4dp,2dp,big,low,unacc"
"med,low,4dp,2dp,big,med,unacc"
"med,low,4dp,2dp,big,high,unacc"
"med,low,4dp,4dp,small,low,unacc"
"med,low,4dp,4dp,small,med,acc"
"med,low,4dp,4dp,small,high,good"
"med,low,4dp,4dp,med,low,unacc"
"med,low,4dp,4dp,med,med,good"
"med,low,4dp,4dp,med,high,vgood"
"med,low,4dp,4dp,big,low,unacc"
"med,low,4dp,4dp,big,med,good"
"med,low,4dp,4dp,big,high,vgood"
"med,low,4dp,more,small,low,unacc"
"med,low,4dp,more,small,med,acc"
"med,low,4dp,more,small,high,good"
"med,low,4dp,more,med,low,unacc"
"med,low,4dp,more,med,med,good"
"med,low,4dp,more,med,high,vgood"
"med,low,4dp,more,big,low,unacc"
"med,low,4dp,more,big,med,good"
"med,low,4dp,more,big,high,vgood"
"med,low,5more,2dp,small,low,unacc"
"med,low,5more,2dp,small,med,unacc"
"med,low,5more,2dp,small,high,unacc"
"med,low,5more,2dp,med,low,unacc"
"med,low,5more,2dp,med,med,unacc"
"med,low,5more,2dp,med,high,unacc"
"med,low,5more,2dp,big,low,unacc"
"med,low,5more,2dp,big,med,unacc"
"med,low,5more,2dp,big,high,unacc"
"med,low,5more,4dp,small,low,unacc"
"med,low,5more,4dp,small,med,acc"
"med,low,5more,4dp,small,high,good"
"med,low,5more,4dp,med,low,unacc"
"med,low,5more,4dp,med,med,good"
"med,low,5more,4dp,med,high,vgood"
"med,low,5more,4dp,big,low,unacc"
"med,low,5more,4dp,big,med,good"
"med,low,5more,4dp,big,high,vgood"
"med,low,5more,more,small,low,unacc"
"med,low,5more,more,small,med,acc"
"med,low,5more,more,small,high,good"
"med,low,5more,more,med,low,unacc"
"med,low,5more,more,med,med,good"
"med,low,5more,more,med,high,vgood"
"med,low,5more,more,big,low,unacc"
"med,low,5more,more,big,med,good"
"med,low,5more,more,big,high,vgood"
"low,vhigh,2dp,2dp,small,low,unacc"
"low,vhigh,2dp,2dp,small,med,unacc"
"low,vhigh,2dp,2dp,small,high,unacc"
"low,vhigh,2dp,2dp,med,low,unacc"
"low,vhigh,2dp,2dp,med,med,unacc"
"low,vhigh,2dp,2dp,med,high,unacc"
"low,vhigh,2dp,2dp,big,low,unacc"
"low,vhigh,2dp,2dp,big,med,unacc"
"low,vhigh,2dp,2dp,big,high,unacc"
"low,vhigh,2dp,4dp,small,low,unacc"
"low,vhigh,2dp,4dp,small,med,unacc"
"low,vhigh,2dp,4dp,small,high,acc"
"low,vhigh,2dp,4dp,med,low,unacc"
"low,vhigh,2dp,4dp,med,med,unacc"
"low,vhigh,2dp,4dp,med,high,acc"
"low,vhigh,2dp,4dp,big,low,unacc"
"low,vhigh,2dp,4dp,big,med,acc"
"low,vhigh,2dp,4dp,big,high,acc"
"low,vhigh,2dp,more,small,low,unacc"
"low,vhigh,2dp,more,small,med,unacc"
"low,vhigh,2dp,more,small,high,unacc"
"low,vhigh,2dp,more,med,low,unacc"
"low,vhigh,2dp,more,med,med,unacc"
"low,vhigh,2dp,more,med,high,acc"
"low,vhigh,2dp,more,big,low,unacc"
"low,vhigh,2dp,more,big,med,acc"
"low,vhigh,2dp,more,big,high,acc"
"low,vhigh,3dp,2dp,small,low,unacc"
"low,vhigh,3dp,2dp,small,med,unacc"
"low,vhigh,3dp,2dp,small,high,unacc"
"low,vhigh,3dp,2dp,med,low,unacc"
"low,vhigh,3dp,2dp,med,med,unacc"
"low,vhigh,3dp,2dp,med,high,unacc"
"low,vhigh,3dp,2dp,big,low,unacc"
"low,vhigh,3dp,2dp,big,med,unacc"
"low,vhigh,3dp,2dp,big,high,unacc"
"low,vhigh,3dp,4dp,small,low,unacc"
"low,vhigh,3dp,4dp,small,med,unacc"
"low,vhigh,3dp,4dp,small,high,acc"
"low,vhigh,3dp,4dp,med,low,unacc"
"low,vhigh,3dp,4dp,med,med,unacc"
"low,vhigh,3dp,4dp,med,high,acc"
"low,vhigh,3dp,4dp,big,low,unacc"
"low,vhigh,3dp,4dp,big,med,acc"
"low,vhigh,3dp,4dp,big,high,acc"
"low,vhigh,3dp,more,small,low,unacc"
"low,vhigh,3dp,more,small,med,unacc"
"low,vhigh,3dp,more,small,high,acc"
"low,vhigh,3dp,more,med,low,unacc"
"low,vhigh,3dp,more,med,med,acc"
"low,vhigh,3dp,more,med,high,acc"
"low,vhigh,3dp,more,big,low,unacc"
"low,vhigh,3dp,more,big,med,acc"
"low,vhigh,3dp,more,big,high,acc"
"low,vhigh,4dp,2dp,small,low,unacc"
"low,vhigh,4dp,2dp,small,med,unacc"
"low,vhigh,4dp,2dp,small,high,unacc"
"low,vhigh,4dp,2dp,med,low,unacc"
"low,vhigh,4dp,2dp,med,med,unacc"
"low,vhigh,4dp,2dp,med,high,unacc"
"low,vhigh,4dp,2dp,big,low,unacc"
"low,vhigh,4dp,2dp,big,med,unacc"
"low,vhigh,4dp,2dp,big,high,unacc"
"low,vhigh,4dp,4dp,small,low,unacc"
"low,vhigh,4dp,4dp,small,med,unacc"
"low,vhigh,4dp,4dp,small,high,acc"
"low,vhigh,4dp,4dp,med,low,unacc"
"low,vhigh,4dp,4dp,med,med,acc"
"low,vhigh,4dp,4dp,med,high,acc"
"low,vhigh,4dp,4dp,big,low,unacc"
"low,vhigh,4dp,4dp,big,med,acc"
"low,vhigh,4dp,4dp,big,high,acc"
"low,vhigh,4dp,more,small,low,unacc"
"low,vhigh,4dp,more,small,med,unacc"
"low,vhigh,4dp,more,small,high,acc"
"low,vhigh,4dp,more,med,low,unacc"
"low,vhigh,4dp,more,med,med,acc"
"low,vhigh,4dp,more,med,high,acc"
"low,vhigh,4dp,more,big,low,unacc"
"low,vhigh,4dp,more,big,med,acc"
"low,vhigh,4dp,more,big,high,acc"
"low,vhigh,5more,2dp,small,low,unacc"
"low,vhigh,5more,2dp,small,med,unacc"
"low,vhigh,5more,2dp,small,high,unacc"
"low,vhigh,5more,2dp,med,low,unacc"
"low,vhigh,5more,2dp,med,med,unacc"
"low,vhigh,5more,2dp,med,high,unacc"
"low,vhigh,5more,2dp,big,low,unacc"
"low,vhigh,5more,2dp,big,med,unacc"
"low,vhigh,5more,2dp,big,high,unacc"
"low,vhigh,5more,4dp,small,low,unacc"
"low,vhigh,5more,4dp,small,med,unacc"
"low,vhigh,5more,4dp,small,high,acc"
"low,vhigh,5more,4dp,med,low,unacc"
"low,vhigh,5more,4dp,med,med,acc"
"low,vhigh,5more,4dp,med,high,acc"
"low,vhigh,5more,4dp,big,low,unacc"
"low,vhigh,5more,4dp,big,med,acc"
"low,vhigh,5more,4dp,big,high,acc"
"low,vhigh,5more,more,small,low,unacc"
"low,vhigh,5more,more,small,med,unacc"
"low,vhigh,5more,more,small,high,acc"
"low,vhigh,5more,more,med,low,unacc"
"low,vhigh,5more,more,med,med,acc"
"low,vhigh,5more,more,med,high,acc"
"low,vhigh,5more,more,big,low,unacc"
"low,vhigh,5more,more,big,med,acc"
"low,vhigh,5more,more,big,high,acc"
"low,high,2dp,2dp,small,low,unacc"
"low,high,2dp,2dp,small,med,unacc"
"low,high,2dp,2dp,small,high,unacc"
"low,high,2dp,2dp,med,low,unacc"
"low,high,2dp,2dp,med,med,unacc"
"low,high,2dp,2dp,med,high,unacc"
"low,high,2dp,2dp,big,low,unacc"
"low,high,2dp,2dp,big,med,unacc"
"low,high,2dp,2dp,big,high,unacc"
"low,high,2dp,4dp,small,low,unacc"
"low,high,2dp,4dp,small,med,acc"
"low,high,2dp,4dp,small,high,acc"
"low,high,2dp,4dp,med,low,unacc"
"low,high,2dp,4dp,med,med,acc"
"low,high,2dp,4dp,med,high,acc"
"low,high,2dp,4dp,big,low,unacc"
"low,high,2dp,4dp,big,med,acc"
"low,high,2dp,4dp,big,high,vgood"
"low,high,2dp,more,small,low,unacc"
"low,high,2dp,more,small,med,unacc"
"low,high,2dp,more,small,high,unacc"
"low,high,2dp,more,med,low,unacc"
"low,high,2dp,more,med,med,acc"
"low,high,2dp,more,med,high,acc"
"low,high,2dp,more,big,low,unacc"
"low,high,2dp,more,big,med,acc"
"low,high,2dp,more,big,high,vgood"
"low,high,3dp,2dp,small,low,unacc"
"low,high,3dp,2dp,small,med,unacc"
"low,high,3dp,2dp,small,high,unacc"
"low,high,3dp,2dp,med,low,unacc"
"low,high,3dp,2dp,med,med,unacc"
"low,high,3dp,2dp,med,high,unacc"
"low,high,3dp,2dp,big,low,unacc"
"low,high,3dp,2dp,big,med,unacc"
"low,high,3dp,2dp,big,high,unacc"
"low,high,3dp,4dp,small,low,unacc"
"low,high,3dp,4dp,small,med,acc"
"low,high,3dp,4dp,small,high,acc"
"low,high,3dp,4dp,med,low,unacc"
"low,high,3dp,4dp,med,med,acc"
"low,high,3dp,4dp,med,high,acc"
"low,high,3dp,4dp,big,low,unacc"
"low,high,3dp,4dp,big,med,acc"
"low,high,3dp,4dp,big,high,vgood"
"low,high,3dp,more,small,low,unacc"
"low,high,3dp,more,small,med,acc"
"low,high,3dp,more,small,high,acc"
"low,high,3dp,more,med,low,unacc"
"low,high,3dp,more,med,med,acc"
"low,high,3dp,more,med,high,vgood"
"low,high,3dp,more,big,low,unacc"
"low,high,3dp,more,big,med,acc"
"low,high,3dp,more,big,high,vgood"
"low,high,4dp,2dp,small,low,unacc"
"low,high,4dp,2dp,small,med,unacc"
"low,high,4dp,2dp,small,high,unacc"
"low,high,4dp,2dp,med,low,unacc"
"low,high,4dp,2dp,med,med,unacc"
"low,high,4dp,2dp,med,high,unacc"
"low,high,4dp,2dp,big,low,unacc"
"low,high,4dp,2dp,big,med,unacc"
"low,high,4dp,2dp,big,high,unacc"
"low,high,4dp,4dp,small,low,unacc"
"low,high,4dp,4dp,small,med,acc"
"low,high,4dp,4dp,small,high,acc"
"low,high,4dp,4dp,med,low,unacc"
"low,high,4dp,4dp,med,med,acc"
"low,high,4dp,4dp,med,high,vgood"
"low,high,4dp,4dp,big,low,unacc"
"low,high,4dp,4dp,big,med,acc"
"low,high,4dp,4dp,big,high,vgood"
"low,high,4dp,more,small,low,unacc"
"low,high,4dp,more,small,med,acc"
"low,high,4dp,more,small,high,acc"
"low,high,4dp,more,med,low,unacc"
"low,high,4dp,more,med,med,acc"
"low,high,4dp,more,med,high,vgood"
"low,high,4dp,more,big,low,unacc"
"low,high,4dp,more,big,med,acc"
"low,high,4dp,more,big,high,vgood"
"low,high,5more,2dp,small,low,unacc"
"low,high,5more,2dp,small,med,unacc"
"low,high,5more,2dp,small,high,unacc"
"low,high,5more,2dp,med,low,unacc"
"low,high,5more,2dp,med,med,unacc"
"low,high,5more,2dp,med,high,unacc"
"low,high,5more,2dp,big,low,unacc"
"low,high,5more,2dp,big,med,unacc"
"low,high,5more,2dp,big,high,unacc"
"low,high,5more,4dp,small,low,unacc"
"low,high,5more,4dp,small,med,acc"
"low,high,5more,4dp,small,high,acc"
"low,high,5more,4dp,med,low,unacc"
"low,high,5more,4dp,med,med,acc"
"low,high,5more,4dp,med,high,vgood"
"low,high,5more,4dp,big,low,unacc"
"low,high,5more,4dp,big,med,acc"
"low,high,5more,4dp,big,high,vgood"
"low,high,5more,more,small,low,unacc"
"low,high,5more,more,small,med,acc"
"low,high,5more,more,small,high,acc"
"low,high,5more,more,med,low,unacc"
"low,high,5more,more,med,med,acc"
"low,high,5more,more,med,high,vgood"
"low,high,5more,more,big,low,unacc"
"low,high,5more,more,big,med,acc"
"low,high,5more,more,big,high,vgood"
"low,med,2dp,2dp,small,low,unacc"
"low,med,2dp,2dp,small,med,unacc"
"low,med,2dp,2dp,small,high,unacc"
"low,med,2dp,2dp,med,low,unacc"
"low,med,2dp,2dp,med,med,unacc"
"low,med,2dp,2dp,med,high,unacc"
"low,med,2dp,2dp,big,low,unacc"
"low,med,2dp,2dp,big,med,unacc"
"low,med,2dp,2dp,big,high,unacc"
"low,med,2dp,4dp,small,low,unacc"
"low,med,2dp,4dp,small,med,acc"
"low,med,2dp,4dp,small,high,good"
"low,med,2dp,4dp,med,low,unacc"
"low,med,2dp,4dp,med,med,acc"
"low,med,2dp,4dp,med,high,good"
"low,med,2dp,4dp,big,low,unacc"
"low,med,2dp,4dp,big,med,good"
"low,med,2dp,4dp,big,high,vgood"
"low,med,2dp,more,small,low,unacc"
"low,med,2dp,more,small,med,unacc"
"low,med,2dp,more,small,high,unacc"
"low,med,2dp,more,med,low,unacc"
"low,med,2dp,more,med,med,acc"
"low,med,2dp,more,med,high,good"
"low,med,2dp,more,big,low,unacc"
"low,med,2dp,more,big,med,good"
"low,med,2dp,more,big,high,vgood"
"low,med,3dp,2dp,small,low,unacc"
"low,med,3dp,2dp,small,med,unacc"
"low,med,3dp,2dp,small,high,unacc"
"low,med,3dp,2dp,med,low,unacc"
"low,med,3dp,2dp,med,med,unacc"
"low,med,3dp,2dp,med,high,unacc"
"low,med,3dp,2dp,big,low,unacc"
"low,med,3dp,2dp,big,med,unacc"
"low,med,3dp,2dp,big,high,unacc"
"low,med,3dp,4dp,small,low,unacc"
"low,med,3dp,4dp,small,med,acc"
"low,med,3dp,4dp,small,high,good"
"low,med,3dp,4dp,med,low,unacc"
"low,med,3dp,4dp,med,med,acc"
"low,med,3dp,4dp,med,high,good"
"low,med,3dp,4dp,big,low,unacc"
"low,med,3dp,4dp,big,med,good"
"low,med,3dp,4dp,big,high,vgood"
"low,med,3dp,more,small,low,unacc"
"low,med,3dp,more,small,med,acc"
"low,med,3dp,more,small,high,good"
"low,med,3dp,more,med,low,unacc"
"low,med,3dp,more,med,med,good"
"low,med,3dp,more,med,high,vgood"
"low,med,3dp,more,big,low,unacc"
"low,med,3dp,more,big,med,good"
"low,med,3dp,more,big,high,vgood"
"low,med,4dp,2dp,small,low,unacc"
"low,med,4dp,2dp,small,med,unacc"
"low,med,4dp,2dp,small,high,unacc"
"low,med,4dp,2dp,med,low,unacc"
"low,med,4dp,2dp,med,med,unacc"
"low,med,4dp,2dp,med,high,unacc"
"low,med,4dp,2dp,big,low,unacc"
"low,med,4dp,2dp,big,med,unacc"
"low,med,4dp,2dp,big,high,unacc"
"low,med,4dp,4dp,small,low,unacc"
"low,med,4dp,4dp,small,med,acc"
"low,med,4dp,4dp,small,high,good"
"low,med,4dp,4dp,med,low,unacc"
"low,med,4dp,4dp,med,med,good"
"low,med,4dp,4dp,med,high,vgood"
"low,med,4dp,4dp,big,low,unacc"
"low,med,4dp,4dp,big,med,good"
"low,med,4dp,4dp,big,high,vgood"
"low,med,4dp,more,small,low,unacc"
"low,med,4dp,more,small,med,acc"
"low,med,4dp,more,small,high,good"
"low,med,4dp,more,med,low,unacc"
"low,med,4dp,more,med,med,good"
"low,med,4dp,more,med,high,vgood"
"low,med,4dp,more,big,low,unacc"
"low,med,4dp,more,big,med,good"
"low,med,4dp,more,big,high,vgood"
"low,med,5more,2dp,small,low,unacc"
"low,med,5more,2dp,small,med,unacc"
"low,med,5more,2dp,small,high,unacc"
"low,med,5more,2dp,med,low,unacc"
"low,med,5more,2dp,med,med,unacc"
"low,med,5more,2dp,med,high,unacc"
"low,med,5more,2dp,big,low,unacc"
"low,med,5more,2dp,big,med,unacc"
"low,med,5more,2dp,big,high,unacc"
"low,med,5more,4dp,small,low,unacc"
"low,med,5more,4dp,small,med,acc"
"low,med,5more,4dp,small,high,good"
"low,med,5more,4dp,med,low,unacc"
"low,med,5more,4dp,med,med,good"
"low,med,5more,4dp,med,high,vgood"
"low,med,5more,4dp,big,low,unacc"
"low,med,5more,4dp,big,med,good"
"low,med,5more,4dp,big,high,vgood"
"low,med,5more,more,small,low,unacc"
"low,med,5more,more,small,med,acc"
"low,med,5more,more,small,high,good"
"low,med,5more,more,med,low,unacc"
"low,med,5more,more,med,med,good"
"low,med,5more,more,med,high,vgood"
"low,med,5more,more,big,low,unacc"
"low,med,5more,more,big,med,good"
"low,med,5more,more,big,high,vgood"
"low,low,2dp,2dp,small,low,unacc"
"low,low,2dp,2dp,small,med,unacc"
"low,low,2dp,2dp,small,high,unacc"
"low,low,2dp,2dp,med,low,unacc"
"low,low,2dp,2dp,med,med,unacc"
"low,low,2dp,2dp,med,high,unacc"
"low,low,2dp,2dp,big,low,unacc"
"low,low,2dp,2dp,big,med,unacc"
"low,low,2dp,2dp,big,high,unacc"
"low,low,2dp,4dp,small,low,unacc"
"low,low,2dp,4dp,small,med,acc"
"low,low,2dp,4dp,small,high,good"
"low,low,2dp,4dp,med,low,unacc"
"low,low,2dp,4dp,med,med,acc"
"low,low,2dp,4dp,med,high,good"
"low,low,2dp,4dp,big,low,unacc"
"low,low,2dp,4dp,big,med,good"
"low,low,2dp,4dp,big,high,vgood"
"low,low,2dp,more,small,low,unacc"
"low,low,2dp,more,small,med,unacc"
"low,low,2dp,more,small,high,unacc"
"low,low,2dp,more,med,low,unacc"
"low,low,2dp,more,med,med,acc"
"low,low,2dp,more,med,high,good"
"low,low,2dp,more,big,low,unacc"
"low,low,2dp,more,big,med,good"
"low,low,2dp,more,big,high,vgood"
"low,low,3dp,2dp,small,low,unacc"
"low,low,3dp,2dp,small,med,unacc"
"low,low,3dp,2dp,small,high,unacc"
"low,low,3dp,2dp,med,low,unacc"
"low,low,3dp,2dp,med,med,unacc"
"low,low,3dp,2dp,med,high,unacc"
"low,low,3dp,2dp,big,low,unacc"
"low,low,3dp,2dp,big,med,unacc"
"low,low,3dp,2dp,big,high,unacc"
"low,low,3dp,4dp,small,low,unacc"
"low,low,3dp,4dp,small,med,acc"
"low,low,3dp,4dp,small,high,good"
"low,low,3dp,4dp,med,low,unacc"
"low,low,3dp,4dp,med,med,acc"
"low,low,3dp,4dp,med,high,good"
"low,low,3dp,4dp,big,low,unacc"
"low,low,3dp,4dp,big,med,good"
"low,low,3dp,4dp,big,high,vgood"
"low,low,3dp,more,small,low,unacc"
"low,low,3dp,more,small,med,acc"
"low,low,3dp,more,small,high,good"
"low,low,3dp,more,med,low,unacc"
"low,low,3dp,more,med,med,good"
"low,low,3dp,more,med,high,vgood"
"low,low,3dp,more,big,low,unacc"
"low,low,3dp,more,big,med,good"
"low,low,3dp,more,big,high,vgood"
"low,low,4dp,2dp,small,low,unacc"
"low,low,4dp,2dp,small,med,unacc"
"low,low,4dp,2dp,small,high,unacc"
"low,low,4dp,2dp,med,low,unacc"
"low,low,4dp,2dp,med,med,unacc"
"low,low,4dp,2dp,med,high,unacc"
"low,low,4dp,2dp,big,low,unacc"
"low,low,4dp,2dp,big,med,unacc"
"low,low,4dp,2dp,big,high,unacc"
"low,low,4dp,4dp,small,low,unacc"
"low,low,4dp,4dp,small,med,acc"
"low,low,4dp,4dp,small,high,good"
"low,low,4dp,4dp,med,low,unacc"
"low,low,4dp,4dp,med,med,good"
"low,low,4dp,4dp,med,high,vgood"
"low,low,4dp,4dp,big,low,unacc"
"low,low,4dp,4dp,big,med,good"
"low,low,4dp,4dp,big,high,vgood"
"low,low,4dp,more,small,low,unacc"
"low,low,4dp,more,small,med,acc"
"low,low,4dp,more,small,high,good"
"low,low,4dp,more,med,low,unacc"
"low,low,4dp,more,med,med,good"
"low,low,4dp,more,med,high,vgood"
"low,low,4dp,more,big,low,unacc"
"low,low,4dp,more,big,med,good"
"low,low,4dp,more,big,high,vgood"
"low,low,5more,2dp,small,low,unacc"
"low,low,5more,2dp,small,med,unacc"
"low,low,5more,2dp,small,high,unacc"
"low,low,5more,2dp,med,low,unacc"
"low,low,5more,2dp,med,med,unacc"
"low,low,5more,2dp,med,high,unacc"
"low,low,5more,2dp,big,low,unacc"
"low,low,5more,2dp,big,med,unacc"
"low,low,5more,2dp,big,high,unacc"
"low,low,5more,4dp,small,low,unacc"
"low,low,5more,4dp,small,med,acc"
"low,low,5more,4dp,small,high,good"
"low,low,5more,4dp,med,low,unacc"
"low,low,5more,4dp,med,med,good"
"low,low,5more,4dp,med,high,vgood"
"low,low,5more,4dp,big,low,unacc"
"low,low,5more,4dp,big,med,good"
"low,low,5more,4dp,big,high,vgood"
"low,low,5more,more,small,low,unacc"
"low,low,5more,more,small,med,acc"
"low,low,5more,more,small,high,good"
"low,low,5more,more,med,low,unacc"
"low,low,5more,more,med,med,good"
"low,low,5more,more,med,high,vgood"
"low,low,5more,more,big,low,unacc"
"low,low,5more,more,big,med,good"
"low,low,5more,more,big,high,vgood"
